N,P,K,temperature,humidity,ph,moisture,crop,fertilizer
37.45,95.07,73.2,31.97,39.36,5.81,23.49,sugarcane,Urea
60.11,70.81,2.06,39.4,79.95,5.92,30.91,sugarcane,Potash
61.75,61.17,0.71,20.46,61.49,6.3,22.8,maize,Potash
36.64,45.61,78.52,23.99,60.85,6.68,22.79,wheat,Urea
68.03,45.05,1.33,38.84,63.8,6.27,20.96,rice,Potash
68.42,44.02,12.2,29.9,32.06,7.32,35.53,maize,Potash
31.17,52.01,54.67,23.7,88.18,7.05,76.37,cotton,Urea
92.67,72.73,32.65,31.41,61.25,7.42,70.67,sugarcane,Urea
53.97,58.68,96.53,32.14,46.56,6.09,29.92,tomato,Organic Mix
42.34,39.49,29.35,20.28,41.93,6.92,67.41,wheat,Potash
7.4,35.85,11.59,37.26,67.4,6.16,23.81,brinjal,Urea
66.88,66.59,59.13,25.49,63.67,6.27,78.3,wheat,Urea
72.17,23.6,25.61,20.81,72.64,5.72,46.36,wheat,DAP
3.14,63.64,31.44,30.17,84.45,6.0,44.62,wheat,Urea
20.31,94.29,59.89,33.9,82.83,6.75,37.74,sugarcane,Urea
87.15,80.37,18.66,37.85,62.36,7.11,73.77,brinjal,Potash
90.68,27.21,64.77,20.01,51.15,6.11,29.88,wheat,DAP
41.74,22.21,11.99,26.75,86.57,6.15,51.13,tomato,DAP
40.38,6.49,25.39,24.94,71.78,6.92,28.89,tomato,DAP
26.68,97.66,41.1,20.66,50.7,6.77,60.84,sugarcane,Urea
48.95,98.57,24.21,33.44,75.7,5.98,63.69,sugarcane,Potash
63.23,63.35,53.58,21.81,80.12,6.14,31.19,sugarcane,DAP
59.09,67.76,1.66,30.24,43.59,6.79,30.46,tomato,Potash
39.76,51.78,83.77,33.51,74.11,5.92,52.49,rice,Urea
25.79,66.0,81.72,31.1,61.78,5.98,25.59,maize,Urea
55.83,88.26,18.87,25.58,72.02,7.19,71.38,cotton,Potash
77.99,64.2,8.41,23.23,83.91,6.71,20.55,cotton,Potash
94.01,97.37,28.39,26.11,59.14,6.4,79.67,maize,Potash
71.22,23.72,32.54,34.93,68.98,7.2,59.46,tomato,DAP
54.25,50.88,63.63,25.01,65.39,7.46,49.2,wheat,NPK 19:19:19
79.48,50.26,57.69,29.85,41.71,6.94,36.85,wheat,Urea
4.36,99.46,46.99,25.59,83.01,7.0,77.18,sugarcane,Urea
42.82,96.67,96.36,37.06,47.67,6.27,71.07,wheat,DAP
55.68,93.62,69.6,31.4,35.83,6.73,79.4,rice,NPK 19:19:19
51.83,87.74,74.08,33.94,72.15,6.22,37.62,brinjal,Compost
81.01,86.71,91.32,30.23,60.09,7.1,59.0,cotton,Organic Mix
89.0,33.8,37.56,21.88,64.7,5.57,47.94,brinjal,Compost
28.65,59.08,3.05,20.75,79.36,6.22,27.62,tomato,Urea
82.79,27.15,96.53,29.15,80.52,5.89,44.68,wheat,DAP
63.74,72.61,97.59,30.33,49.38,7.09,36.25,maize,Urea
7.85,2.54,96.26,36.72,71.76,6.32,30.4,tomato,Urea
44.24,23.98,9.39,23.66,86.08,6.78,51.0,brinjal,DAP
43.57,73.0,4.77,31.32,39.52,5.74,40.51,maize,Potash
4.6,4.07,85.55,34.07,58.45,5.7,49.5,brinjal,Urea
34.63,46.47,64.98,20.96,86.95,7.27,35.65,rice,Urea
62.59,50.31,85.65,33.17,39.78,5.64,58.55,tomato,Organic Mix
80.09,67.72,57.34,22.57,78.67,7.14,57.56,tomato,NPK 19:19:19
65.15,20.67,27.4,24.29,52.64,5.58,57.1,brinjal,DAP
7.12,31.9,84.49,20.47,78.87,6.06,27.09,sugarcane,Urea
34.83,93.66,3.92,28.36,88.05,6.6,45.41,wheat,Urea
99.05,41.26,37.2,35.53,50.45,7.36,71.5,tomato,Organic Mix
75.09,75.45,10.31,38.05,60.32,7.15,39.2,wheat,Potash
10.0,5.35,95.85,36.94,51.29,7.41,60.61,maize,Urea
57.34,63.18,44.84,25.86,49.72,6.85,65.14,brinjal,NPK 19:19:19
11.35,93.09,97.42,39.92,33.35,6.97,52.75,wheat,Urea
11.71,14.3,76.15,32.36,36.07,5.67,62.06,rice,Urea
39.67,89.19,14.66,30.27,43.99,6.66,71.79,cotton,Urea
81.28,94.72,98.6,35.07,52.58,5.67,66.63,cotton,DAP
24.87,33.03,43.45,25.07,54.31,6.64,64.46,sugarcane,Urea
82.28,74.42,68.1,24.75,54.01,6.46,24.97,tomato,Compost
43.63,80.21,97.79,31.12,49.36,5.59,75.48,maize,Compost
25.3,69.54,7.54,23.32,43.01,6.09,79.75,cotton,Urea
58.43,90.12,4.54,25.62,87.02,7.28,47.34,maize,Potash
33.57,16.97,64.68,27.77,43.76,6.03,41.62,maize,Urea
98.62,69.82,53.61,26.19,78.83,6.87,29.76,cotton,DAP
82.25,94.98,72.57,32.27,55.09,7.37,71.96,sugarcane,Compost
2.64,37.65,81.06,39.75,39.03,6.69,42.85,cotton,Urea
82.92,56.91,6.35,20.74,38.03,5.53,24.52,maize,Potash
81.29,99.97,99.66,31.11,76.14,7.39,70.98,tomato,NPK 19:19:19
45.05,12.92,95.41,32.12,43.72,6.84,57.09,maize,DAP
26.87,2.22,49.82,29.52,79.88,6.12,68.98,maize,Urea
56.09,87.67,40.35,22.68,31.73,7.01,57.22,rice,NPK 19:19:19
21.3,13.64,1.45,27.01,65.4,6.28,46.25,brinjal,Organic Mix
34.83,51.4,78.37,27.93,67.33,7.22,76.97,maize,Urea
45.93,84.21,76.89,21.32,32.75,6.74,40.84,cotton,DAP
57.96,34.16,53.73,29.2,65.09,6.3,61.86,maize,Potash
34.57,89.68,47.4,33.35,40.34,5.88,22.45,sugarcane,Urea
34.51,34.76,3.18,30.97,62.07,6.21,73.65,tomato,Urea
50.34,69.04,3.93,35.99,67.67,5.66,72.41,brinjal,Potash
37.73,0.26,86.83,21.69,65.84,7.47,52.2,cotton,Urea
23.61,76.0,53.13,34.41,33.74,5.8,27.99,wheat,Urea
89.52,51.17,53.21,22.14,56.84,6.57,34.55,tomato,Organic Mix
37.73,2.01,32.21,24.23,49.65,5.74,73.43,maize,Urea
47.4,35.51,64.88,29.59,65.05,6.97,53.46,tomato,Organic Mix
37.88,33.74,89.96,32.15,44.66,6.5,39.82,tomato,Urea
23.72,10.18,15.29,24.92,39.64,5.87,37.11,brinjal,Organic Mix
89.68,8.02,52.45,28.21,88.94,5.72,43.87,maize,DAP
91.74,0.53,97.51,29.81,73.37,7.14,63.11,wheat,DAP
57.16,28.0,76.95,23.74,49.42,6.35,50.46,tomato,DAP
52.98,70.72,76.78,21.75,60.37,7.36,39.24,wheat,Urea
36.92,45.43,54.86,30.98,42.1,6.87,25.27,brinjal,Urea
68.15,76.02,59.56,29.43,54.71,6.2,75.77,cotton,Potash
96.5,12.43,73.09,38.77,40.87,5.63,64.47,cotton,DAP
4.81,78.15,82.79,35.01,77.97,7.15,31.18,wheat,Urea
66.52,52.31,35.88,37.54,53.55,7.13,46.35,cotton,DAP
62.41,53.98,43.87,31.55,51.32,6.28,51.91,sugarcane,DAP
54.28,43.15,33.28,34.61,71.62,5.83,72.72,tomato,Compost
89.39,78.86,15.17,26.23,44.91,6.99,22.01,cotton,Potash
71.41,49.4,75.46,22.06,62.19,6.26,47.42,maize,Compost
53.99,48.64,40.9,35.44,30.73,6.7,53.93,rice,NPK 19:19:19
59.9,82.68,95.91,26.85,43.64,6.35,37.28,wheat,DAP
58.62,50.59,61.15,20.36,82.33,7.36,53.91,maize,Compost
92.25,70.72,15.25,31.53,66.4,6.35,64.19,tomato,Potash
92.56,45.08,11.32,39.7,80.33,5.75,75.25,brinjal,Potash
31.14,22.74,60.79,27.59,74.65,5.91,67.27,rice,Urea
33.35,39.82,53.74,38.4,50.78,6.19,64.25,tomato,Urea
58.71,3.28,91.27,24.96,64.66,5.83,22.03,tomato,DAP
36.24,58.06,63.23,20.26,69.81,5.86,77.66,tomato,Urea
55.73,86.06,53.51,23.69,47.98,6.12,43.84,wheat,NPK 19:19:19
79.98,34.94,46.82,32.5,52.66,7.17,55.25,tomato,Compost
71.41,52.76,53.45,29.62,59.82,7.03,26.18,sugarcane,DAP
37.33,27.07,64.4,28.17,31.52,5.81,62.96,sugarcane,Urea
40.8,55.17,25.39,23.92,60.33,6.69,40.36,sugarcane,Potash
17.85,65.27,23.82,21.99,44.59,6.94,71.34,wheat,Urea
96.26,94.44,14.11,28.13,49.44,5.67,57.99,tomato,Potash
20.79,2.65,18.14,31.66,55.29,7.29,69.05,maize,NPK 19:19:19
25.94,37.97,59.03,25.36,67.45,6.32,53.12,rice,Urea
86.11,21.95,97.45,35.6,36.85,6.63,79.12,brinjal,DAP
79.99,42.52,2.25,25.37,62.5,6.77,35.47,cotton,Potash
64.51,42.17,13.23,38.01,71.47,6.87,69.36,sugarcane,Potash
81.51,49.81,6.72,28.1,59.85,6.94,26.39,cotton,Potash
13.69,90.0,87.39,31.95,66.03,6.83,30.52,sugarcane,Urea
83.81,40.44,77.09,28.44,51.23,7.42,31.06,sugarcane,Potash
77.1,6.82,83.71,28.74,84.93,6.94,56.62,cotton,DAP
47.61,66.37,93.68,34.65,42.9,5.56,35.74,wheat,NPK 19:19:19
84.64,95.52,15.47,32.47,58.45,6.19,41.09,tomato,Potash
49.55,68.84,43.48,24.93,79.15,7.1,61.68,cotton,Organic Mix
59.02,36.1,9.16,38.35,38.21,7.4,46.76,brinjal,Potash
8.67,95.82,75.84,32.78,75.54,6.95,58.23,tomato,Urea
90.34,64.67,69.32,21.03,70.2,5.59,55.3,tomato,Organic Mix
55.58,47.32,31.29,22.41,73.86,5.89,26.92,wheat,NPK 19:19:19
79.53,74.51,5.49,29.1,61.35,6.79,59.01,wheat,Potash
56.07,48.11,88.5,30.61,56.46,6.31,54.35,tomato,NPK 19:19:19
66.17,73.79,52.02,28.54,82.6,6.34,47.72,rice,DAP
0.02,18.55,38.4,38.65,34.2,5.52,23.16,tomato,Urea
40.19,47.99,62.75,37.47,89.05,7.04,45.07,brinjal,NPK 19:19:19
73.23,0.33,46.73,25.94,81.17,6.93,55.35,tomato,DAP
91.03,4.51,10.95,27.83,37.47,7.41,67.88,sugarcane,DAP
8.94,41.76,87.91,38.89,58.04,6.73,30.02,maize,Urea
6.5,40.16,83.78,24.61,79.84,5.74,22.82,tomato,Urea
22.05,18.64,77.96,27.0,33.47,7.44,73.03,wheat,Urea
59.73,52.5,26.02,30.3,59.47,7.49,73.85,wheat,Potash
22.44,22.38,53.7,31.86,64.81,5.68,72.65,wheat,Urea
27.3,47.67,4.44,37.04,32.13,6.16,75.9,wheat,Urea
8.7,40.85,37.27,25.2,73.41,6.49,24.86,maize,Urea
10.95,89.45,99.15,21.23,82.97,6.53,74.39,wheat,Urea
34.78,67.8,56.57,25.34,82.72,7.09,59.51,tomato,Urea
15.73,16.04,33.4,24.77,85.81,5.71,61.94,maize,Urea
15.86,88.09,87.18,20.58,79.55,5.76,40.11,cotton,Urea
90.87,0.11,55.62,35.13,45.52,5.89,25.05,wheat,DAP
98.12,63.18,25.98,32.68,62.4,7.06,26.42,cotton,Potash
1.84,43.22,84.01,27.84,40.77,7.01,67.33,maize,Urea
68.79,6.78,30.1,34.16,34.04,6.66,40.75,rice,DAP
7.47,85.24,99.01,33.52,56.76,6.8,55.66,maize,Urea
2.46,2.21,32.36,29.77,76.22,6.87,46.75,cotton,Urea
46.85,94.43,10.22,37.08,61.62,7.15,37.9,rice,Potash
77.28,23.01,13.13,37.36,87.79,5.56,63.88,brinjal,DAP
41.97,63.85,39.76,25.48,89.04,6.32,73.65,brinjal,Compost
21.31,3.11,65.17,27.37,81.86,6.45,78.09,cotton,Urea
20.37,9.12,15.37,29.07,61.82,5.54,67.81,maize,NPK 19:19:19
91.18,96.75,18.55,29.24,30.07,6.7,56.44,maize,Potash
43.03,20.05,49.16,21.28,64.92,6.04,67.85,wheat,DAP
98.44,14.96,46.46,33.61,53.73,7.45,63.31,wheat,DAP
69.5,86.01,77.99,20.79,58.83,5.71,34.52,tomato,Compost
14.25,49.89,61.82,34.05,63.58,5.52,39.59,rice,Urea
53.42,88.25,8.25,36.49,51.47,6.14,78.65,rice,Potash
68.95,80.06,20.02,23.35,36.27,6.77,62.39,cotton,Potash
59.48,61.66,61.29,25.98,86.11,7.39,57.52,maize,Organic Mix
61.23,48.44,66.08,31.06,65.85,7.07,48.85,brinjal,NPK 19:19:19
16.4,43.86,72.48,31.87,69.02,6.46,56.94,wheat,Urea
97.59,33.69,18.21,35.79,69.52,6.5,53.32,rice,Potash
65.33,33.23,54.25,29.87,34.89,6.31,33.23,cotton,NPK 19:19:19
84.05,17.42,96.08,28.32,80.77,6.76,64.12,cotton,DAP
98.76,4.01,86.7,31.57,56.32,6.95,49.2,rice,DAP
59.77,79.3,65.5,39.84,47.03,6.22,43.03,rice,Urea
73.31,13.16,71.58,38.18,40.78,5.98,78.28,brinjal,DAP
41.3,6.91,43.72,21.95,54.3,6.69,54.76,maize,DAP
59.3,16.35,39.11,39.39,45.49,6.81,39.51,maize,DAP
13.09,96.98,45.38,24.72,34.41,5.84,51.19,rice,Urea
66.94,14.58,44.94,31.76,86.92,6.01,41.56,maize,DAP
3.67,73.64,66.38,29.49,80.65,7.11,55.12,brinjal,Urea
55.81,53.99,3.42,39.73,37.38,5.96,23.1,tomato,Potash
12.21,45.22,93.39,26.32,60.43,5.58,28.9,sugarcane,Urea
47.99,68.6,1.74,26.46,88.39,6.66,35.25,wheat,Potash
48.88,66.69,13.97,20.6,48.48,6.91,32.11,brinjal,Potash
16.24,18.83,73.08,23.12,44.07,7.43,35.32,tomato,Urea
83.81,94.46,68.32,29.94,67.07,7.24,54.24,maize,DAP
93.09,68.95,67.65,24.31,69.53,6.29,59.07,rice,DAP
65.78,99.94,4.82,39.54,54.41,7.24,66.94,sugarcane,Potash
28.87,10.91,65.05,35.3,85.54,6.38,74.08,sugarcane,Urea
79.78,43.56,81.78,22.4,62.67,5.51,39.48,maize,Urea
39.62,69.55,38.86,28.97,44.25,6.25,33.64,rice,Urea
58.71,16.84,64.26,35.19,60.03,6.58,77.09,rice,DAP
47.92,2.56,34.12,27.6,53.93,6.66,52.02,brinjal,DAP
39.44,54.94,74.69,34.31,61.27,7.14,45.85,brinjal,Urea
7.13,95.47,65.47,27.6,41.83,6.46,31.67,cotton,Urea
48.59,25.68,28.49,26.15,78.18,6.58,38.68,maize,DAP
71.76,39.99,97.67,36.46,61.35,5.75,71.56,brinjal,NPK 19:19:19
18.46,29.53,79.34,23.7,85.07,6.35,25.22,cotton,Urea
55.02,4.34,63.32,39.03,66.1,7.14,73.05,tomato,DAP
